epoch,time,train/box_loss,train/cls_loss,train/dfl_loss,metrics/precision(B),metrics/recall(B),metrics/mAP50(B),metrics/mAP50-95(B),val/box_loss,val/cls_loss,val/dfl_loss,lr/pg0,lr/pg1,lr/pg2
1,118.348,3.5719,4.90916,4.22168,0.00132,0.03393,0.00018,3e-05,3.38796,4.83646,4.13139,0.00332593,0.00332593,0.0700667
2,191.641,3.55644,4.69165,4.06287,0.00128,0.04898,0.00027,4e-05,3.34368,4.68551,3.97579,0.00662929,0.00662929,0.0400367
3,266.577,3.42073,4.42226,3.86186,0.00298,0.09442,0.00057,0.00011,3.21564,5.67025,3.8497,0.00990266,0.00990266,0.00997673
4,339.838,3.12558,3.97582,3.4017,0.1299,0.11196,0.05807,0.01563,2.67884,3.68806,3.08598,0.009865,0.009865,0.009865
5,412.756,2.68759,3.28641,2.74504,0.26155,0.26428,0.18057,0.06917,2.2868,3.01937,2.52779,0.00982,0.00982,0.00982
6,485.943,2.37748,2.81425,2.37489,0.42339,0.35589,0.31858,0.14081,2.02124,2.46937,2.25617,0.009775,0.009775,0.009775
7,561.896,2.21913,2.52528,2.18897,0.48541,0.44018,0.42184,0.19269,1.91558,2.17852,2.11121,0.00973,0.00973,0.00973
8,635.522,2.10806,2.34982,2.07813,0.53866,0.48502,0.48026,0.2351,1.82428,1.96788,2.01609,0.009685,0.009685,0.009685
9,727.531,2.01929,2.17503,1.99534,0.57252,0.49937,0.51744,0.24726,1.7897,1.88764,1.96325,0.00964,0.00964,0.00964
10,801.4,1.97548,2.07762,1.93503,0.59732,0.54256,0.55937,0.28476,1.72259,1.74305,1.88322,0.009595,0.009595,0.009595
11,874.338,1.93172,1.98461,1.8791,0.66607,0.55803,0.6077,0.31131,1.6845,1.68665,1.84367,0.00955,0.00955,0.00955
12,945.84,1.89265,1.90842,1.83878,0.65014,0.57729,0.62007,0.31586,1.67128,1.62798,1.8152,0.009505,0.009505,0.009505
13,1019.94,1.86955,1.85011,1.80696,0.69133,0.58733,0.64683,0.34512,1.61615,1.54456,1.76435,0.00946,0.00946,0.00946
14,1091.35,1.8374,1.80848,1.79299,0.73517,0.59325,0.66699,0.35373,1.60943,1.5135,1.74832,0.009415,0.009415,0.009415
15,1162.77,1.80379,1.7666,1.7604,0.73847,0.62251,0.69369,0.37022,1.5852,1.44975,1.71913,0.00937,0.00937,0.00937
16,1234.3,1.79472,1.71916,1.73896,0.74367,0.62385,0.70049,0.37861,1.57083,1.39518,1.70686,0.009325,0.009325,0.009325
17,1306.81,1.7747,1.67406,1.71458,0.76314,0.64598,0.72181,0.38776,1.55075,1.37559,1.69538,0.00928,0.00928,0.00928
18,1379.07,1.76235,1.65455,1.71002,0.76353,0.66012,0.73254,0.39855,1.54342,1.33027,1.67584,0.009235,0.009235,0.009235
19,1450.4,1.74353,1.61434,1.68443,0.75602,0.67363,0.73858,0.40925,1.51954,1.3198,1.64968,0.00919,0.00919,0.00919
20,1521.59,1.72403,1.60384,1.66575,0.78038,0.66288,0.74089,0.41183,1.51947,1.29024,1.64891,0.009145,0.009145,0.009145
21,1592.86,1.72871,1.59218,1.66176,0.77459,0.6819,0.7509,0.4169,1.50915,1.28071,1.6208,0.0091,0.0091,0.0091
22,1663.62,1.71279,1.55586,1.63481,0.79441,0.68368,0.75959,0.42452,1.50665,1.26299,1.61014,0.009055,0.009055,0.009055
23,1733.72,1.69654,1.53254,1.63004,0.81352,0.68223,0.7687,0.42959,1.48654,1.23404,1.60039,0.00901,0.00901,0.00901
24,1804.25,1.68294,1.51163,1.6228,0.81474,0.6964,0.77165,0.44068,1.47462,1.20943,1.58516,0.008965,0.008965,0.008965
25,1874.68,1.68084,1.49961,1.59954,0.81031,0.68679,0.76865,0.43296,1.46914,1.20494,1.57657,0.00892,0.00892,0.00892
26,1945.32,1.6624,1.48973,1.60085,0.79451,0.69683,0.77224,0.43957,1.47286,1.19435,1.5776,0.008875,0.008875,0.008875
27,2015.66,1.6581,1.44704,1.59046,0.82399,0.69554,0.77985,0.44582,1.46753,1.18077,1.57237,0.00883,0.00883,0.00883
28,2086.06,1.64669,1.43788,1.57992,0.84493,0.70461,0.79615,0.45777,1.44696,1.12855,1.55007,0.008785,0.008785,0.008785
29,2156.74,1.64768,1.43988,1.57125,0.809,0.72802,0.79708,0.45821,1.45813,1.13698,1.56058,0.00874,0.00874,0.00874
30,2226.47,1.63555,1.41287,1.56658,0.83151,0.72005,0.79868,0.45934,1.45503,1.12024,1.55281,0.008695,0.008695,0.008695
31,2296.84,1.63346,1.41286,1.55694,0.85226,0.72997,0.81131,0.46999,1.4295,1.10502,1.53087,0.00865,0.00865,0.00865
32,2367.72,1.6183,1.3858,1.55151,0.83422,0.72927,0.81133,0.4718,1.42924,1.08292,1.53214,0.008605,0.008605,0.008605
33,2438.85,1.60657,1.37306,1.54809,0.84528,0.72826,0.81389,0.47374,1.42872,1.084,1.52037,0.00856,0.00856,0.00856
34,2510.65,1.61609,1.36961,1.53877,0.84305,0.7307,0.81456,0.47435,1.42101,1.07733,1.51597,0.008515,0.008515,0.008515
35,2582.21,1.60277,1.36053,1.53741,0.84439,0.73865,0.81739,0.47997,1.40495,1.06517,1.50937,0.00847,0.00847,0.00847
36,2653.61,1.59291,1.33947,1.52534,0.85419,0.74319,0.82304,0.48233,1.40424,1.04248,1.50739,0.008425,0.008425,0.008425
37,2725.22,1.60006,1.35857,1.53069,0.83757,0.75187,0.81946,0.48155,1.39585,1.06015,1.49854,0.00838,0.00838,0.00838
38,2797.22,1.60244,1.34364,1.52248,0.85343,0.7552,0.82925,0.48673,1.4003,1.03744,1.49869,0.008335,0.008335,0.008335
39,2868.46,1.5809,1.3209,1.5204,0.85306,0.75168,0.82844,0.48582,1.40568,1.03566,1.50313,0.00829,0.00829,0.00829
40,2940.19,1.58297,1.32715,1.50918,0.86789,0.74308,0.83001,0.49115,1.39048,1.01825,1.48724,0.008245,0.008245,0.008245
41,3011.4,1.59226,1.32142,1.51288,0.86183,0.75158,0.83623,0.49395,1.39055,1.02171,1.48985,0.0082,0.0082,0.0082
42,3082.84,1.57296,1.31451,1.51083,0.84699,0.7539,0.82805,0.4892,1.38384,1.02779,1.4824,0.008155,0.008155,0.008155
43,3154.29,1.57658,1.31001,1.50775,0.86669,0.75237,0.83404,0.49793,1.37971,1.01651,1.47595,0.00811,0.00811,0.00811
44,3225.96,1.56994,1.30018,1.50096,0.85531,0.7673,0.84002,0.49725,1.37791,1.00591,1.47397,0.008065,0.008065,0.008065
45,3297.26,1.56249,1.29135,1.49577,0.86539,0.76091,0.83901,0.50112,1.37052,0.99706,1.46312,0.00802,0.00802,0.00802
46,3370.48,1.5625,1.27705,1.48489,0.86992,0.75362,0.83874,0.5033,1.37663,0.99811,1.46907,0.007975,0.007975,0.007975
47,3441.98,1.56153,1.27146,1.48152,0.86798,0.76673,0.84598,0.50224,1.37082,0.9806,1.46685,0.00793,0.00793,0.00793
48,3513.5,1.54679,1.26606,1.48471,0.85295,0.76884,0.83832,0.50014,1.37039,0.98418,1.46073,0.007885,0.007885,0.007885
49,3584.86,1.56355,1.28778,1.48488,0.87468,0.76076,0.84436,0.5016,1.36939,0.98369,1.45884,0.00784,0.00784,0.00784
50,3656.31,1.55692,1.27183,1.4839,0.87137,0.75892,0.84169,0.50958,1.36503,0.96544,1.4612,0.007795,0.007795,0.007795
51,3727.71,1.54577,1.26111,1.46938,0.8559,0.7638,0.84196,0.50802,1.35194,0.96528,1.4485,0.00775,0.00775,0.00775
52,3798.93,1.52825,1.23386,1.46683,0.86967,0.77049,0.8499,0.5113,1.3576,0.96075,1.44833,0.007705,0.007705,0.007705
53,3871.27,1.54121,1.25348,1.4682,0.86482,0.77088,0.84995,0.50878,1.35654,0.96034,1.44876,0.00766,0.00766,0.00766
54,3942.78,1.53312,1.23535,1.46053,0.85857,0.77508,0.84694,0.51032,1.35291,0.95355,1.44748,0.007615,0.007615,0.007615
55,4014.31,1.54655,1.24372,1.46697,0.85332,0.76847,0.84645,0.51044,1.35043,0.96437,1.44754,0.00757,0.00757,0.00757
56,4085.92,1.54509,1.24984,1.46032,0.85538,0.78194,0.85336,0.5154,1.34399,0.9374,1.43925,0.007525,0.007525,0.007525
57,4157.23,1.52731,1.22906,1.46512,0.85531,0.77943,0.85176,0.51549,1.34365,0.93823,1.43732,0.00748,0.00748,0.00748
58,4228.79,1.52921,1.21958,1.45566,0.87428,0.76584,0.84642,0.51569,1.34456,0.93846,1.43851,0.007435,0.007435,0.007435
59,4299.08,1.5199,1.21778,1.45223,0.86905,0.77163,0.85247,0.51682,1.33957,0.9382,1.43828,0.00739,0.00739,0.00739
60,4368.94,1.52462,1.22336,1.45645,0.86751,0.77369,0.84897,0.51469,1.34457,0.93847,1.43397,0.007345,0.007345,0.007345
61,4439.37,1.51285,1.20325,1.44281,0.86729,0.77593,0.85507,0.52174,1.33764,0.92516,1.42955,0.0073,0.0073,0.0073
62,4509.72,1.51627,1.20819,1.4486,0.85739,0.78799,0.8545,0.52213,1.33177,0.91996,1.42409,0.007255,0.007255,0.007255
63,4579.91,1.5068,1.19177,1.44054,0.86983,0.78143,0.86109,0.52072,1.33856,0.91709,1.42798,0.00721,0.00721,0.00721
64,4650.36,1.51705,1.20427,1.44384,0.87072,0.77939,0.85743,0.52164,1.33192,0.91731,1.42869,0.007165,0.007165,0.007165
65,4720.82,1.50606,1.18951,1.4329,0.87923,0.77821,0.8586,0.52631,1.32337,0.90787,1.42003,0.00712,0.00712,0.00712
66,4791.21,1.50657,1.20008,1.43805,0.87874,0.78331,0.86116,0.52415,1.32929,0.90388,1.42031,0.007075,0.007075,0.007075
67,4861.6,1.50789,1.18865,1.4293,0.87492,0.78099,0.85819,0.52465,1.33146,0.90362,1.41648,0.00703,0.00703,0.00703
68,4932.01,1.50731,1.17686,1.42968,0.86731,0.78539,0.86076,0.52812,1.31784,0.90262,1.40923,0.006985,0.006985,0.006985
69,5002.36,1.50089,1.16926,1.43115,0.86368,0.78972,0.86032,0.52614,1.32219,0.89415,1.4128,0.00694,0.00694,0.00694
70,5072.34,1.49356,1.17398,1.42805,0.87543,0.7813,0.86207,0.52913,1.32778,0.89892,1.4174,0.006895,0.006895,0.006895
71,5142.41,1.50006,1.1847,1.43594,0.86735,0.78982,0.86236,0.52696,1.32613,0.90278,1.41589,0.00685,0.00685,0.00685
72,5212.22,1.49962,1.17676,1.43764,0.87094,0.7922,0.86307,0.5285,1.32324,0.8878,1.41132,0.006805,0.006805,0.006805
73,5282.28,1.50163,1.18716,1.43711,0.88422,0.7863,0.86616,0.52986,1.32056,0.89018,1.4061,0.00676,0.00676,0.00676
74,5352.7,1.49663,1.16206,1.42687,0.88635,0.78496,0.86596,0.53493,1.31369,0.88402,1.40314,0.006715,0.006715,0.006715
75,5422.84,1.48964,1.15758,1.42314,0.8783,0.78856,0.86727,0.53364,1.31233,0.88084,1.40821,0.00667,0.00667,0.00667
76,5493.22,1.49458,1.16647,1.42364,0.87764,0.79227,0.87091,0.53454,1.31458,0.87678,1.40163,0.006625,0.006625,0.006625
77,5563.4,1.48383,1.1496,1.42086,0.87503,0.79557,0.86866,0.53432,1.3098,0.87058,1.40127,0.00658,0.00658,0.00658
78,5633.89,1.48412,1.15593,1.41825,0.87907,0.78778,0.86657,0.53682,1.30992,0.87593,1.40484,0.006535,0.006535,0.006535
79,5704.34,1.48776,1.15212,1.42266,0.86826,0.80296,0.86978,0.53709,1.30679,0.86748,1.39775,0.00649,0.00649,0.00649
80,5774.73,1.47996,1.14473,1.41243,0.87112,0.79731,0.8706,0.53773,1.30769,0.87122,1.39889,0.006445,0.006445,0.006445
81,5845.27,1.48212,1.14753,1.41741,0.88464,0.79441,0.87087,0.53814,1.31326,0.87099,1.39997,0.0064,0.0064,0.0064
82,5915.61,1.47086,1.1358,1.40652,0.88137,0.79228,0.86942,0.5366,1.30749,0.86546,1.39568,0.006355,0.006355,0.006355
83,5985.61,1.46806,1.13155,1.40307,0.88358,0.7941,0.8741,0.53911,1.30658,0.85635,1.39511,0.00631,0.00631,0.00631
84,6055.81,1.47619,1.1374,1.41101,0.87873,0.79374,0.86942,0.54121,1.30168,0.85908,1.39582,0.006265,0.006265,0.006265
85,6126.49,1.47695,1.12721,1.40733,0.88187,0.79657,0.87314,0.53862,1.3055,0.85758,1.39408,0.00622,0.00622,0.00622
86,6196.94,1.4705,1.12818,1.40185,0.89233,0.79289,0.87265,0.53984,1.29973,0.85463,1.38973,0.006175,0.006175,0.006175
87,6267.39,1.47453,1.125,1.40328,0.89364,0.79172,0.87348,0.54154,1.29987,0.85112,1.38986,0.00613,0.00613,0.00613
88,6337.89,1.46793,1.1203,1.40073,0.88577,0.78901,0.87151,0.54064,1.29427,0.85517,1.38687,0.006085,0.006085,0.006085
89,6408.42,1.47883,1.1375,1.40768,0.88216,0.79413,0.87449,0.54225,1.30095,0.84724,1.39044,0.00604,0.00604,0.00604
90,6478.83,1.46307,1.11303,1.40434,0.87874,0.80211,0.87449,0.54369,1.29817,0.85014,1.38637,0.005995,0.005995,0.005995
91,6549.51,1.47577,1.13193,1.40231,0.88017,0.79812,0.87366,0.54279,1.29532,0.84588,1.38646,0.00595,0.00595,0.00595
92,6619.96,1.45798,1.1097,1.39294,0.88043,0.80306,0.87612,0.54601,1.29118,0.83794,1.38499,0.005905,0.005905,0.005905
93,6690.57,1.46092,1.10518,1.39573,0.88334,0.79819,0.873,0.5447,1.29403,0.83872,1.38556,0.00586,0.00586,0.00586
94,6760.47,1.44978,1.10381,1.39426,0.88774,0.79365,0.87246,0.54362,1.29235,0.84286,1.38312,0.005815,0.005815,0.005815
95,6831.04,1.45866,1.10452,1.39568,0.88532,0.80392,0.87609,0.54562,1.2911,0.83452,1.38204,0.00577,0.00577,0.00577
96,6901.19,1.46464,1.11162,1.39757,0.88094,0.80212,0.87497,0.54372,1.29661,0.84356,1.38679,0.005725,0.005725,0.005725
97,6971.64,1.45837,1.10366,1.38413,0.87996,0.80477,0.8756,0.54592,1.29146,0.83665,1.37962,0.00568,0.00568,0.00568
98,7042.24,1.45468,1.11009,1.39531,0.87627,0.80439,0.87584,0.54536,1.28874,0.83428,1.37811,0.005635,0.005635,0.005635
99,7112.4,1.4578,1.10702,1.38982,0.87954,0.7984,0.87631,0.54663,1.28847,0.8318,1.37516,0.00559,0.00559,0.00559
100,7182.92,1.45971,1.10162,1.39216,0.88074,0.80822,0.88026,0.55013,1.29105,0.82632,1.37831,0.005545,0.005545,0.005545
101,7253.29,1.45262,1.10162,1.39253,0.88608,0.80328,0.87887,0.55052,1.28359,0.83175,1.37679,0.0055,0.0055,0.0055
102,7323.2,1.44377,1.08766,1.38416,0.88277,0.80377,0.87727,0.54896,1.28074,0.8253,1.37107,0.005455,0.005455,0.005455
103,7393.31,1.45937,1.09677,1.38798,0.87909,0.80603,0.88237,0.55015,1.28372,0.82395,1.37385,0.00541,0.00541,0.00541
104,7463.51,1.44705,1.08737,1.38588,0.88898,0.80295,0.881,0.55175,1.28042,0.82031,1.37273,0.005365,0.005365,0.005365
105,7533.65,1.44616,1.08788,1.3874,0.87619,0.81382,0.88106,0.55207,1.2812,0.81819,1.37286,0.00532,0.00532,0.00532
106,7603.78,1.44545,1.08516,1.38301,0.8856,0.80694,0.88232,0.55372,1.27877,0.81769,1.36988,0.005275,0.005275,0.005275
107,7674.21,1.43739,1.06688,1.37393,0.8849,0.81126,0.88192,0.55342,1.27884,0.81777,1.36887,0.00523,0.00523,0.00523
108,7745.67,1.44881,1.0822,1.38634,0.8845,0.8098,0.88135,0.55245,1.27614,0.81339,1.3685,0.005185,0.005185,0.005185
109,7815.74,1.44235,1.08752,1.38317,0.88609,0.80623,0.88143,0.551,1.27393,0.81469,1.36396,0.00514,0.00514,0.00514
110,7886.02,1.44007,1.08877,1.38298,0.89098,0.80504,0.88103,0.55041,1.27949,0.81532,1.36655,0.005095,0.005095,0.005095
111,7956.16,1.43782,1.08194,1.38216,0.87987,0.81288,0.88302,0.55256,1.27374,0.81051,1.36494,0.00505,0.00505,0.00505
112,8026.68,1.44044,1.0756,1.36981,0.87668,0.81831,0.88147,0.5517,1.27623,0.81001,1.3637,0.005005,0.005005,0.005005
113,8096.95,1.43727,1.06848,1.37271,0.88104,0.81075,0.88148,0.55235,1.27435,0.80944,1.36274,0.00496,0.00496,0.00496
114,8167.61,1.43624,1.0735,1.3743,0.88738,0.80383,0.88476,0.55405,1.27292,0.80784,1.36336,0.004915,0.004915,0.004915
115,8239.44,1.43539,1.06703,1.38084,0.87955,0.81205,0.88551,0.55791,1.27181,0.80984,1.36276,0.00487,0.00487,0.00487
116,8310.72,1.44086,1.07781,1.37385,0.88135,0.81256,0.88402,0.5554,1.27062,0.80679,1.36059,0.004825,0.004825,0.004825
117,8382.34,1.43272,1.06306,1.37377,0.8867,0.80968,0.88197,0.55524,1.2699,0.80828,1.36103,0.00478,0.00478,0.00478
118,8454.2,1.42661,1.05674,1.37079,0.88455,0.8099,0.88295,0.55618,1.26843,0.80357,1.36016,0.004735,0.004735,0.004735
119,8527.2,1.43135,1.05878,1.36871,0.88093,0.81384,0.88374,0.55681,1.26704,0.80169,1.357,0.00469,0.00469,0.00469
120,8599.6,1.43022,1.05242,1.36297,0.87819,0.81165,0.8823,0.55691,1.26615,0.80169,1.35835,0.004645,0.004645,0.004645
121,8671.16,1.43012,1.06637,1.37295,0.87238,0.8118,0.88186,0.55718,1.2694,0.8055,1.36047,0.0046,0.0046,0.0046
122,8742.94,1.4373,1.05839,1.37147,0.88045,0.81198,0.88445,0.55821,1.26718,0.79886,1.35831,0.004555,0.004555,0.004555
123,8814.41,1.43764,1.06842,1.37109,0.89,0.80408,0.88304,0.55911,1.26601,0.79896,1.35528,0.00451,0.00451,0.00451
124,8885.6,1.42006,1.05188,1.36849,0.88048,0.81283,0.88402,0.5597,1.26415,0.79807,1.3543,0.004465,0.004465,0.004465
125,8957.09,1.42239,1.0466,1.36279,0.87775,0.81835,0.88674,0.5606,1.2628,0.79159,1.35193,0.00442,0.00442,0.00442
126,9028.65,1.42771,1.05864,1.36775,0.88308,0.82184,0.88592,0.56023,1.26435,0.79237,1.35314,0.004375,0.004375,0.004375
127,9100.21,1.41705,1.03945,1.36274,0.88383,0.82013,0.88575,0.56027,1.26372,0.78964,1.35227,0.00433,0.00433,0.00433
128,9174.57,1.41912,1.04702,1.36365,0.88424,0.81792,0.88748,0.56009,1.26327,0.79433,1.35277,0.004285,0.004285,0.004285
129,9247.99,1.42467,1.04866,1.36624,0.87617,0.82064,0.88517,0.5576,1.2645,0.78899,1.35502,0.00424,0.00424,0.00424
130,9322.97,1.42856,1.04865,1.35584,0.88385,0.8159,0.88554,0.56015,1.26149,0.79043,1.35279,0.004195,0.004195,0.004195
131,9397.26,1.41682,1.03584,1.35652,0.87968,0.81999,0.88713,0.561,1.25863,0.78676,1.34983,0.00415,0.00415,0.00415
132,9469.07,1.41824,1.03774,1.35497,0.87576,0.82226,0.88811,0.56107,1.25906,0.78615,1.34899,0.004105,0.004105,0.004105
133,9540.41,1.41654,1.04402,1.3603,0.88697,0.81372,0.88748,0.55954,1.25916,0.78691,1.34984,0.00406,0.00406,0.00406
134,9616.04,1.41346,1.03374,1.36305,0.87403,0.82276,0.88559,0.55956,1.25857,0.78846,1.3502,0.004015,0.004015,0.004015
135,9703.12,1.40805,1.02585,1.35345,0.88249,0.8183,0.8869,0.56194,1.2606,0.78485,1.35001,0.00397,0.00397,0.00397
136,9795.97,1.41916,1.04094,1.354,0.88478,0.82188,0.88815,0.56236,1.25867,0.7816,1.34775,0.003925,0.003925,0.003925
137,9972.15,1.41787,1.03762,1.35868,0.88142,0.825,0.88642,0.56169,1.2582,0.78078,1.34867,0.00388,0.00388,0.00388
138,10059.1,1.41798,1.03445,1.35807,0.88256,0.81794,0.8879,0.56253,1.26002,0.78024,1.34733,0.003835,0.003835,0.003835
139,10151.1,1.41818,1.03545,1.35351,0.88665,0.81424,0.88659,0.56038,1.26033,0.7834,1.34739,0.00379,0.00379,0.00379
140,10238.6,1.41525,1.03041,1.3517,0.87873,0.8223,0.88835,0.56316,1.25899,0.78222,1.34716,0.003745,0.003745,0.003745
141,10320.4,1.41628,1.03371,1.35433,0.89551,0.81044,0.88917,0.56431,1.25855,0.78029,1.34631,0.0037,0.0037,0.0037
142,10514.6,1.41274,1.02686,1.3509,0.88875,0.81581,0.88908,0.56383,1.25767,0.77788,1.34629,0.003655,0.003655,0.003655
143,10593.4,1.41642,1.03303,1.35755,0.89303,0.81098,0.88754,0.56381,1.25627,0.77866,1.34469,0.00361,0.00361,0.00361
144,10671.6,1.403,1.01593,1.35266,0.89297,0.81517,0.8874,0.56394,1.2537,0.7779,1.34337,0.003565,0.003565,0.003565
145,10749.5,1.41136,1.03366,1.35252,0.88761,0.81391,0.88685,0.5634,1.25399,0.78038,1.34271,0.00352,0.00352,0.00352
146,10826.8,1.40509,1.0227,1.3476,0.88055,0.81723,0.88635,0.56284,1.25563,0.77933,1.34415,0.003475,0.003475,0.003475
147,10905.2,1.40674,1.02692,1.3556,0.88526,0.81649,0.88733,0.5625,1.25472,0.77907,1.34378,0.00343,0.00343,0.00343
148,10984.3,1.40509,1.02113,1.34548,0.88636,0.81751,0.88776,0.56332,1.25349,0.77566,1.34266,0.003385,0.003385,0.003385
149,11061.3,1.40103,1.02685,1.35308,0.88619,0.81876,0.8885,0.56395,1.25254,0.77522,1.34311,0.00334,0.00334,0.00334
150,11140,1.40083,1.01825,1.34378,0.89008,0.81874,0.88844,0.56456,1.25201,0.77694,1.34405,0.003295,0.003295,0.003295
151,11219.2,1.40792,1.01764,1.34229,0.88405,0.82206,0.88983,0.56504,1.25271,0.77599,1.34216,0.00325,0.00325,0.00325
152,11297.7,1.40373,1.01613,1.34177,0.88463,0.82061,0.88909,0.56399,1.25248,0.77584,1.34326,0.003205,0.003205,0.003205
153,11376.4,1.39282,1.01336,1.34857,0.8927,0.81395,0.8897,0.56565,1.25105,0.77366,1.34299,0.00316,0.00316,0.00316
154,11454.6,1.39664,1.00567,1.34025,0.8916,0.81454,0.88815,0.56425,1.25182,0.77392,1.3427,0.003115,0.003115,0.003115
155,11533.6,1.39874,1.01277,1.34165,0.88881,0.82501,0.89002,0.5655,1.25118,0.77265,1.34133,0.00307,0.00307,0.00307
156,11612.8,1.39886,1.00509,1.34123,0.89576,0.81549,0.89144,0.56478,1.252,0.77188,1.34078,0.003025,0.003025,0.003025
157,11691.2,1.39368,1.00964,1.34676,0.88658,0.82257,0.89149,0.56684,1.25051,0.77108,1.34034,0.00298,0.00298,0.00298
158,11769.9,1.41055,1.02735,1.34395,0.88627,0.82317,0.89078,0.56615,1.25055,0.77324,1.34035,0.002935,0.002935,0.002935
159,11846.5,1.3915,0.9963,1.3412,0.89059,0.82144,0.8913,0.5664,1.25114,0.77083,1.34044,0.00289,0.00289,0.00289
160,11924.4,1.39888,1.01207,1.34359,0.89484,0.81674,0.89104,0.56739,1.25024,0.76879,1.33949,0.002845,0.002845,0.002845
161,12001.4,1.38623,1.00014,1.34172,0.88731,0.82028,0.89099,0.56665,1.25003,0.76789,1.339,0.0028,0.0028,0.0028
162,12080.7,1.38944,0.99078,1.33555,0.89039,0.81999,0.8908,0.56734,1.24761,0.76492,1.33773,0.002755,0.002755,0.002755
163,12159.7,1.38972,0.99287,1.33494,0.88263,0.82262,0.89147,0.56761,1.24877,0.76305,1.33751,0.00271,0.00271,0.00271
164,12239,1.40133,0.99639,1.33619,0.88694,0.81967,0.89184,0.56815,1.24932,0.76306,1.33779,0.002665,0.002665,0.002665
165,12318,1.39062,0.99975,1.34465,0.88992,0.81969,0.89158,0.56818,1.24954,0.76265,1.33711,0.00262,0.00262,0.00262
166,12396.7,1.38764,1.00351,1.34287,0.89731,0.81753,0.89259,0.56786,1.24918,0.76205,1.33635,0.002575,0.002575,0.002575
167,12476,1.38392,0.98629,1.33199,0.89827,0.81488,0.89247,0.5678,1.24819,0.76187,1.33574,0.00253,0.00253,0.00253
168,12555,1.39314,1.00214,1.34386,0.89081,0.81897,0.8915,0.5677,1.24855,0.76218,1.3361,0.002485,0.002485,0.002485
169,12634,1.38861,0.9867,1.33489,0.88469,0.82116,0.89166,0.56826,1.24701,0.76086,1.33495,0.00244,0.00244,0.00244
170,12712.5,1.38731,0.99011,1.33768,0.88725,0.82172,0.89265,0.56834,1.24572,0.76045,1.33441,0.002395,0.002395,0.002395
171,12792.4,1.38258,0.99279,1.33804,0.88531,0.82198,0.89169,0.56749,1.24572,0.76111,1.33388,0.00235,0.00235,0.00235
172,12871.4,1.38841,0.99237,1.33264,0.89213,0.81566,0.89158,0.56818,1.24612,0.76121,1.33495,0.002305,0.002305,0.002305
173,12949.7,1.39028,1.00052,1.33905,0.8928,0.81459,0.89106,0.56871,1.24533,0.76043,1.33412,0.00226,0.00226,0.00226
174,13027.8,1.38587,0.99245,1.33834,0.89637,0.81487,0.892,0.56935,1.24487,0.75901,1.33384,0.002215,0.002215,0.002215
175,13105.7,1.38017,0.98764,1.33613,0.89528,0.8181,0.89199,0.56956,1.24572,0.75863,1.33413,0.00217,0.00217,0.00217
176,13183.8,1.38417,0.99026,1.33784,0.9011,0.81674,0.89322,0.56982,1.2456,0.75857,1.33335,0.002125,0.002125,0.002125
177,13261.2,1.3784,0.9816,1.33114,0.89806,0.81806,0.89399,0.56952,1.24588,0.75864,1.33364,0.00208,0.00208,0.00208
178,13340.2,1.3824,0.98513,1.32677,0.8852,0.82546,0.89387,0.56956,1.24553,0.75707,1.33375,0.002035,0.002035,0.002035
179,13418.9,1.37185,0.97736,1.33596,0.88875,0.82687,0.8941,0.56952,1.24517,0.75674,1.33373,0.00199,0.00199,0.00199
180,13497.6,1.38144,0.99424,1.33218,0.8885,0.82528,0.89391,0.56915,1.24478,0.75644,1.33325,0.001945,0.001945,0.001945
181,13576.6,1.37817,0.98151,1.32804,0.89084,0.82369,0.89406,0.56912,1.24482,0.75462,1.33316,0.0019,0.0019,0.0019
182,13656.4,1.38895,0.98722,1.32824,0.89186,0.82064,0.89417,0.57006,1.24478,0.75369,1.33339,0.001855,0.001855,0.001855
183,13734.5,1.3731,0.97907,1.33214,0.89083,0.8228,0.89461,0.56966,1.24445,0.75276,1.33333,0.00181,0.00181,0.00181
184,13813.5,1.37627,0.97875,1.32503,0.89127,0.82273,0.89427,0.57002,1.24404,0.75234,1.33323,0.001765,0.001765,0.001765
185,13892.4,1.37458,0.97961,1.3305,0.89131,0.82401,0.89489,0.57095,1.244,0.75229,1.3328,0.00172,0.00172,0.00172
186,13971.3,1.38596,0.98181,1.33714,0.89546,0.82155,0.89358,0.56976,1.2437,0.75236,1.33243,0.001675,0.001675,0.001675
187,14050.5,1.37672,0.97619,1.32524,0.89803,0.82071,0.89372,0.57025,1.24369,0.75215,1.33247,0.00163,0.00163,0.00163
188,14129.7,1.37819,0.97765,1.32812,0.89893,0.82147,0.89448,0.57013,1.24336,0.75001,1.3322,0.001585,0.001585,0.001585
189,14207.8,1.36869,0.97921,1.33143,0.89697,0.82165,0.8949,0.56989,1.24371,0.74964,1.3327,0.00154,0.00154,0.00154
190,14286.9,1.38184,0.9761,1.32488,0.89826,0.82177,0.89422,0.57017,1.24381,0.74923,1.3325,0.001495,0.001495,0.001495
191,14365.2,1.36407,0.96636,1.32561,0.89588,0.823,0.8942,0.57052,1.24392,0.74847,1.33229,0.00145,0.00145,0.00145
192,14444.1,1.37582,0.97486,1.32706,0.89617,0.82411,0.89383,0.57052,1.24403,0.74794,1.33219,0.001405,0.001405,0.001405
193,14522.5,1.36614,0.9677,1.32648,0.89788,0.82351,0.89386,0.57046,1.24278,0.74811,1.33132,0.00136,0.00136,0.00136
194,14601.5,1.36917,0.96336,1.32192,0.89716,0.82363,0.89462,0.57094,1.24222,0.74805,1.3307,0.001315,0.001315,0.001315
195,14681.1,1.37683,0.97505,1.32795,0.89231,0.82743,0.89526,0.57119,1.24237,0.74772,1.33035,0.00127,0.00127,0.00127
196,14759.5,1.36558,0.9587,1.32445,0.89192,0.82801,0.89563,0.57144,1.24136,0.74753,1.3301,0.001225,0.001225,0.001225
197,14837.5,1.3633,0.96265,1.32469,0.89152,0.82815,0.89618,0.57188,1.24143,0.74689,1.33012,0.00118,0.00118,0.00118
198,14916.9,1.36789,0.9732,1.3255,0.89593,0.82684,0.89598,0.57168,1.24147,0.74644,1.33008,0.001135,0.001135,0.001135
199,14994.2,1.36244,0.9641,1.32292,0.89362,0.82588,0.89514,0.57192,1.24134,0.74527,1.33013,0.00109,0.00109,0.00109
200,15073.4,1.37259,0.96399,1.31825,0.89067,0.82869,0.89598,0.57227,1.2404,0.74487,1.3295,0.001045,0.001045,0.001045
